month,average_value
January,123.94586029366765
February,127.51546309981654
March,132.97478486406015
April,138.34090111051918
May,145.7977927873488
June,148.94471300922032
July,156.21054945823025
August,183.6323716329926
September,187.2959443632101
October,195.0427350988491
November,199.33000000000007
December,203.9510401658327
