weekday,average_value
Monday,169.86542179796257
Tuesday,154.4186493413237
Wednesday,144.8497992661556
Thursday,148.49282237938976
Friday,162.0568050551796
Saturday,175.7720378237105
Sunday,179.4277735585589
