cluster_label,station_count,avg_demand_mean,zero_rate_mean,cv_mean,weekday_effect_mean,outlier_rate_mean,correlation_with_system_mean,demand_share_mean
cluster_0,142,1.0956119316522606,0.5297619661232985,1.7589392766317093,0.273947910202379,0.015768968248797716,0.1630110499690126,0.0005460312122370362
cluster_1,235,10.748974067603747,0.13256916443716307,0.7738175923559306,0.12021480561495337,0.023554389476711516,0.42949319804437824,0.003923750703544464
cluster_2,4,0.3120140266232754,0.9965354481053055,18.81875292040681,2.4230090237768973,0.003219453855478875,0.1335625929902849,9.55381323479483e-05
